-- USERS
INSERT INTO users (user_id, user_name, email, password, role, user_source, is_locked,
                   is_using_temp_password, create_at, update_at)
VALUES
    ('11111111-1111-1111-1111-111111111111', 'Alice', 'alice@example.com', 'pass', 'USER', 'LOCAL', FALSE, FALSE, NOW(), NOW()),
    ('22222222-2222-2222-2222-222222222222', 'Bob', 'bob@example.com', 'pass', 'USER', 'LOCAL', FALSE, FALSE, NOW(), NOW()),
    ('33333333-3333-3333-3333-333333333333', 'Carol', 'carol@example.com', 'pass', 'USER', 'LOCAL', FALSE, FALSE, NOW(), NOW()),
    ('44444444-4444-4444-4444-444444444444', 'Dave', 'dave@example.com', 'pass', 'USER', 'LOCAL', FALSE, FALSE, NOW(), NOW()),
    ('55555555-5555-5555-5555-555555555555', 'Eve', 'eve@example.com', 'pass', 'USER', 'LOCAL', FALSE, FALSE, NOW(), NOW());

-- CONTENTS
INSERT INTO contents (
    content_id, external_id, source, title, summary, category,
    poster_url, genres, released_at, created_at, updated_at,
    average_rating, total_rating_count
) VALUES
      ('aaaaaaaa-aaaa-aaaa-aaaa-aaaaaaaaaaa1', 'ext1', 'TMDB', 'Content 1', 'Summary 1', 'MOVIE', '', '["Drama"]',
       '2025-07-09T00:00:00+00:00', '2025-07-09T00:00:00+00:00', '2025-07-09T00:00:00+00:00', 4.5, 100),

      ('aaaaaaaa-aaaa-aaaa-aaaa-aaaaaaaaaaa2', 'ext2', 'TMDB', 'Content 2', 'Summary 2', 'SHOW', '', '["Comedy"]',
       '2025-07-09T01:00:00+00:00', '2025-07-09T01:00:00+00:00', '2025-07-09T01:00:00+00:00', 3.7, 60),

      ('aaaaaaaa-aaaa-aaaa-aaaa-aaaaaaaaaaa3', 'ext3', 'TMDB', 'Content 3', 'Summary 3', 'MOVIE', '', '["Action"]',
       '2025-07-09T02:00:00+00:00', '2025-07-09T02:00:00+00:00', '2025-07-09T02:00:00+00:00', 4.8, 200),

      ('aaaaaaaa-aaaa-aaaa-aaaa-aaaaaaaaaaa4', 'ext4', 'TMDB', 'Content 4', 'Summary 4', 'SHOW', '', '["Horror"]',
       '2025-07-09T03:00:00+00:00', '2025-07-09T03:00:00+00:00', '2025-07-09T03:00:00+00:00', 2.9, 30),

      ('aaaaaaaa-aaaa-aaaa-aaaa-aaaaaaaaaaa5', 'ext5', 'TMDB', 'Content 5', 'Summary 5', 'MOVIE', '', '["Fantasy"]',
       '2025-07-09T04:00:00+00:00', '2025-07-09T04:00:00+00:00', '2025-07-09T04:00:00+00:00', 3.2, 50);

-- REVIEWS
INSERT INTO reviews (review_id, content_id, user_id, rating, comment, created_at)
VALUES
    ('00000000-0000-0000-0000-000000000001', 'aaaaaaaa-aaaa-aaaa-aaaa-aaaaaaaaaaa1', '11111111-1111-1111-1111-111111111111', 5, 'Loved it', '2025-07-09T00:00:00+00:00'),
    ('00000000-0000-0000-0000-000000000002', 'aaaaaaaa-aaaa-aaaa-aaaa-aaaaaaaaaaa1', '22222222-2222-2222-2222-222222222222', 4, 'Nice',     '2025-07-09T00:10:00+00:00'),
    ('00000000-0000-0000-0000-000000000003', 'aaaaaaaa-aaaa-aaaa-aaaa-aaaaaaaaaaa2', '33333333-3333-3333-3333-333333333333', 3, 'Okay',     '2025-07-09T00:20:00+00:00'),
    ('00000000-0000-0000-0000-000000000004', 'aaaaaaaa-aaaa-aaaa-aaaa-aaaaaaaaaaa3', '44444444-4444-4444-4444-444444444444', 5, 'Awesome',  '2025-07-09T00:30:00+00:00'),
    ('00000000-0000-0000-0000-000000000005', 'aaaaaaaa-aaaa-aaaa-aaaa-aaaaaaaaaaa4', '55555555-5555-5555-5555-555555555555', 2, 'Not great','2025-07-09T00:40:00+00:00');

-- CONTENT LIKES
INSERT INTO content_likes (user_id, content_id, liked_at)
VALUES
    ('11111111-1111-1111-1111-111111111111', 'aaaaaaaa-aaaa-aaaa-aaaa-aaaaaaaaaaa1', NOW()),
    ('22222222-2222-2222-2222-222222222222', 'aaaaaaaa-aaaa-aaaa-aaaa-aaaaaaaaaaa1', NOW()),
    ('33333333-3333-3333-3333-333333333333', 'aaaaaaaa-aaaa-aaaa-aaaa-aaaaaaaaaaa2', NOW()),
    ('44444444-4444-4444-4444-444444444444', 'aaaaaaaa-aaaa-aaaa-aaaa-aaaaaaaaaaa3', NOW()),
    ('55555555-5555-5555-5555-555555555555', 'aaaaaaaa-aaaa-aaaa-aaaa-aaaaaaaaaaa5', NOW());

-- PLAYLISTS
INSERT INTO playlists (playlist_id, user_id, title, description, is_public, created_at, updated_at)
VALUES
    ('66666666-6666-6666-6666-666666666661', '11111111-1111-1111-1111-111111111111', '내가 사랑한 영화들', '감성적인 영화들을 모아봤어요.', TRUE, '2024-06-01T13:00:00+09:00', '2024-06-20T18:45:00+09:00'),
    ('66666666-6666-6666-6666-666666666662', '22222222-2222-2222-2222-222222222222', '시간 순삭 드라마 모음', '한 번 보기 시작하면 멈출 수 없는 드라마들입니다. 퇴근 후 집에서 편하게 볼 수 있는 드라마들을 엄선했습니다.\n\n특히 주말에 몰아보기 좋은 작품들 위주로 구성했어요. 반전과 스릴이 있는 작품부터 잔잔한 일상 드라마까지 다양하게 준비했답니다.\n\n저도 이 드라마들을 보면서 많은 위로를 받았는데, 여러분도 같은 경험을 하셨으면 좋겠어요. 드라마와 함께하는 특별한 시간 보내세요!', TRUE, '2024-06-15T15:30:00+09:00', '2024-07-01T12:20:00+09:00'),
    ('66666666-6666-6666-6666-666666666663', '33333333-3333-3333-3333-333333333333', '웃음 가득 코미디 컬렉션', '스트레스 해소에 최고인 코미디 작품들입니다.', TRUE, '2024-05-20T09:15:00+09:00', '2024-07-10T16:30:00+09:00'),
    ('66666666-6666-6666-6666-666666666664', '44444444-4444-4444-4444-444444444444', '인생 반전 스릴러', '긴장감 넘치는 추천작들입니다.', TRUE, '2024-06-30T20:45:00+09:00', '2024-07-12T11:20:00+09:00'),
    ('66666666-6666-6666-6666-666666666665', '55555555-5555-5555-5555-555555555555', '힐링되는 애니메이션', '지친 일상에 힐링이 필요할 때 보세요.', TRUE, '2024-07-01T14:20:00+09:00', '2024-07-14T19:15:00+09:00'),
    ('66666666-6666-6666-6666-666666666666', '11111111-1111-1111-1111-111111111111', '역대급 SF 컬렉션', '상상력을 자극하는 SF 작품들입니다.', TRUE, '2024-07-05T11:30:00+09:00', '2024-07-15T13:40:00+09:00');

-- PLAYLISTS_CONTENTS
INSERT INTO playlists_contents (playlist_id, content_id)
VALUES
    ('66666666-6666-6666-6666-666666666661', 'aaaaaaaa-aaaa-aaaa-aaaa-aaaaaaaaaaa1'),
    ('66666666-6666-6666-6666-666666666661', 'aaaaaaaa-aaaa-aaaa-aaaa-aaaaaaaaaaa2'),
    ('66666666-6666-6666-6666-666666666662', 'aaaaaaaa-aaaa-aaaa-aaaa-aaaaaaaaaaa3'),
    ('66666666-6666-6666-6666-666666666663', 'aaaaaaaa-aaaa-aaaa-aaaa-aaaaaaaaaaa1'),
    ('66666666-6666-6666-6666-666666666664', 'aaaaaaaa-aaaa-aaaa-aaaa-aaaaaaaaaaa5');

-- PLAYLIST LIKES
INSERT INTO playlist_likes (user_id, playlist_id)
VALUES
    ('11111111-1111-1111-1111-111111111111', '66666666-6666-6666-6666-666666666661'),
    ('22222222-2222-2222-2222-222222222222', '66666666-6666-6666-6666-666666666662'),
    ('33333333-3333-3333-3333-333333333333', '66666666-6666-6666-6666-666666666663'),
    ('44444444-4444-4444-4444-444444444444', '66666666-6666-6666-6666-666666666664'),
    ('55555555-5555-5555-5555-555555555555', '66666666-6666-6666-6666-666666666665');

-- SUBSCRIBES
INSERT INTO subscribes (subscribe_id, user_id, playlist_id, subscribed_at)
VALUES
    ('77777777-7777-7777-7777-777777777771', '11111111-1111-1111-1111-111111111111', '66666666-6666-6666-6666-666666666661', NOW()),
    ('77777777-7777-7777-7777-777777777772', '22222222-2222-2222-2222-222222222222', '66666666-6666-6666-6666-666666666662', NOW()),
    ('77777777-7777-7777-7777-777777777773', '33333333-3333-3333-3333-333333333333', '66666666-6666-6666-6666-666666666663', NOW()),
    ('77777777-7777-7777-7777-777777777774', '44444444-4444-4444-4444-444444444444', '66666666-6666-6666-6666-666666666664', NOW()),
    ('77777777-7777-7777-7777-777777777775', '55555555-5555-5555-5555-555555555555', '66666666-6666-6666-6666-666666666665', NOW());

-- FOLLOWS
INSERT INTO follows (follow_id, follower_id, followee_id)
VALUES
    ('88888888-8888-8888-8888-888888888881', '11111111-1111-1111-1111-111111111111', '22222222-2222-2222-2222-222222222222'),
    ('88888888-8888-8888-8888-888888888882', '22222222-2222-2222-2222-222222222222', '33333333-3333-3333-3333-333333333333'),
    ('88888888-8888-8888-8888-888888888883', '33333333-3333-3333-3333-333333333333', '44444444-4444-4444-4444-444444444444'),
    ('88888888-8888-8888-8888-888888888884', '44444444-4444-4444-4444-444444444444', '55555555-5555-5555-5555-555555555555'),
    ('88888888-8888-8888-8888-888888888885', '55555555-5555-5555-5555-555555555555', '11111111-1111-1111-1111-111111111111');
